{
    "version": 1,
    "validation": {
        "float32": {
            "confusion_matrix": [
                [
                    52,
                    1,
                    1,
                    0,
                    1
                ],
                [
                    0,
                    62,
                    0,
                    0,
                    0
                ],
                [
                    2,
                    0,
                    68,
                    1,
                    3
                ],
                [
                    0,
                    0,
                    0,
                    71,
                    0
                ],
                [
                    1,
                    0,
                    4,
                    0,
                    53
                ]
            ],
            "classification_report": {
                "0": {
                    "precision": 0.9454545454545454,
                    "recall": 0.9454545454545454,
                    "f1-score": 0.9454545454545454,
                    "support": 55
                },
                "1": {
                    "precision": 0.9841269841269841,
                    "recall": 1.0,
                    "f1-score": 0.9919999999999999,
                    "support": 62
                },
                "2": {
                    "precision": 0.9315068493150684,
                    "recall": 0.918918918918919,
                    "f1-score": 0.9251700680272108,
                    "support": 74
                },
                "3": {
                    "precision": 0.9861111111111112,
                    "recall": 1.0,
                    "f1-score": 0.993006993006993,
                    "support": 71
                },
                "4": {
                    "precision": 0.9298245614035088,
                    "recall": 0.9137931034482759,
                    "f1-score": 0.9217391304347825,
                    "support": 58
                },
                "accuracy": 0.95625,
                "macro avg": {
                    "precision": 0.9554048102822437,
                    "recall": 0.9556333135643481,
                    "f1-score": 0.9554741473847063,
                    "support": 320
                },
                "weighted avg": {
                    "precision": 0.9559096666108765,
                    "recall": 0.95625,
                    "f1-score": 0.9560342221960234,
                    "support": 320
                }
            },
            "roc_auc": 0.9967366072302198,
            "loss": 0.15690562219286114,
            "support": 320
        },
        "int8": {
            "confusion_matrix": [
                [
                    52,
                    1,
                    1,
                    0,
                    1
                ],
                [
                    0,
                    62,
                    0,
                    0,
                    0
                ],
                [
                    2,
                    0,
                    69,
                    1,
                    2
                ],
                [
                    0,
                    0,
                    0,
                    71,
                    0
                ],
                [
                    1,
                    0,
                    4,
                    0,
                    53
                ]
            ],
            "classification_report": {
                "0": {
                    "precision": 0.9454545454545454,
                    "recall": 0.9454545454545454,
                    "f1-score": 0.9454545454545454,
                    "support": 55
                },
                "1": {
                    "precision": 0.9841269841269841,
                    "recall": 1.0,
                    "f1-score": 0.9919999999999999,
                    "support": 62
                },
                "2": {
                    "precision": 0.9324324324324325,
                    "recall": 0.9324324324324325,
                    "f1-score": 0.9324324324324325,
                    "support": 74
                },
                "3": {
                    "precision": 0.9861111111111112,
                    "recall": 1.0,
                    "f1-score": 0.993006993006993,
                    "support": 71
                },
                "4": {
                    "precision": 0.9464285714285714,
                    "recall": 0.9137931034482759,
                    "f1-score": 0.9298245614035087,
                    "support": 58
                },
                "accuracy": 0.959375,
                "macro avg": {
                    "precision": 0.9589107289107289,
                    "recall": 0.9583360162670507,
                    "f1-score": 0.9585437064594959,
                    "support": 320
                },
                "weighted avg": {
                    "precision": 0.9591331845238095,
                    "recall": 0.959375,
                    "f1-score": 0.9591791283278125,
                    "support": 320
                }
            },
            "roc_auc": 0.9940247120536784,
            "loss": 0.33038865123479305,
            "support": 320
        }
    }
}